gauge_id,elev_mean
1,212.69528
2,638.27515
3,52.639614
